"","Estimate","Std. Error","t value","Pr(>|t|)"
"(Intercept)",5.49672278222333,0.718646071865042,7.64872027750483,2.56097318097239e-14
"UTR5_length",-0.0750877847463095,0.0107761069621969,-6.96798806932051,3.77827017110892e-12
"UTR3_length",-0.0554441372278073,0.0144895472038079,-3.8264920530599,0.000132089949359775
"TTC",4.1477959109448,3.54313300915671,1.17065769199898,0.241810427954592
"TTA",-6.66353905435361,3.27472357723194,-2.03484016198588,0.04193682378895
"TTG",7.63461962168611,3.01675720678297,2.53073717849093,0.0114226815291243
"TCT",-5.12116392627516,3.03842225649137,-1.68546814562531,0.0919810861374984
"TCC",0.939254533873608,3.49955035711143,0.268392918525933,0.788411582187148
"TCA",-11.9068699546821,3.41566778085075,-3.4859566909392,0.000495976581646075
"TCG",-9.97221171245941,4.66265364166765,-2.13874168635283,0.0325207053878303
"TAT",-6.48120310724231,3.59558068306319,-1.80254698156871,0.0715392669763069
"TAC",-4.46713881874077,3.47459533416027,-1.28565728930284,0.198641699580748
"TGT",-12.1520294978676,3.53622565091933,-3.43644062835988,0.000595787404375936
"TGC",-7.59747127508102,5.41122009067214,-1.40402185602791,0.160394755409922
"TGG",-5.1877754143189,3.95491647168804,-1.31172818729713,0.189691776497147
"CTT",-9.89897315320226,4.12245929095623,-2.40123005578695,0.016388221402654
"CTC",-20.0545481620552,5.4864417603121,-3.65529227105372,0.000260392557900386
"CTA",-17.1114627105541,3.9461807440176,-4.33620855722208,1.48753318953849e-05
"CTG",-14.3061167258749,4.08928915427978,-3.49843608170931,0.000473407937380885
"CCT",0.874322397871535,3.85381656576965,0.22687182509864,0.820535718229618
"CCC",-15.7459391284275,5.16380090824239,-3.0492924510885,0.00230975008343652
"CCA",1.18771013927638,3.18070090911362,0.373411450247728,0.708863245193277
"CCG",-28.3913371619377,5.72062831815267,-4.96297532070848,7.24923897228168e-07
"CAT",-12.240466962704,3.89021600828749,-3.14647488381819,0.00166540191567194
"CAC",-5.88188649523701,4.36415401740528,-1.34777243694394,0.177812610634089
"CAA",-6.25571666000503,2.78006185896214,-2.25020772103986,0.0244932194594619
"CAG",-15.7653426379013,3.43782289931688,-4.58585072577008,4.6682991350029e-06
"CGT",6.25436116651669,4.47414989753108,1.39788815970783,0.162228938164784
"CGC",-16.540024767057,7.1630146670843,-2.3090871003046,0.0209925890434417
"CGA",-62.9031547865495,7.06063658445009,-8.90899199161214,7.85792585130162e-19
"CGG",-25.6892846902247,9.18885903258165,-2.79569907418714,0.00520499234407488
"ATT",1.14935809548785,3.10413269875117,0.370267062342487,0.711204324103466
"ATC",0.430478068532366,3.43067481171524,0.12547912354221,0.900150945496999
"ATA",-31.8662866551374,3.57867247543818,-8.90449932868909,8.1759313308819e-19
"ATG",-15.2748444952912,3.21957029028023,-4.74437366421396,2.16908449292724e-06
"ACT",-4.92180040976236,3.30390742882359,-1.4896907724545,0.136389256754982
"ACC",-6.93675093463246,3.53802678181189,-1.9606270281199,0.0499961154645752
"ACA",-21.7956060187915,3.54673136181887,-6.14526554038592,8.81309233023634e-10
"ACG",-18.0621845887267,4.77289076450473,-3.78432808960398,0.000156520687601163
"AAT",-12.8352080891828,2.92727473773711,-4.38469540413034,1.19319603959457e-05
"AAC",-9.95502691490333,2.88632891573905,-3.44902719181411,0.000568779729924664
"AAA",-16.8996522429971,2.61278068286894,-6.46807148942964,1.11999752122538e-10
"AAG",-2.77751550836338,2.56239506649464,-1.08395287857115,0.278455044647867
"AGT",-16.5250680262981,3.76781121515296,-4.38585350556828,1.18689671187675e-05
"AGC",-22.2053755151631,4.12432690140447,-5.38399987343424,7.7294972946566e-08
"AGA",-16.196342857668,2.7345512108973,-5.92285227393986,3.44725636442239e-09
"AGG",-31.4816933256996,4.34900743062138,-7.23882261134734,5.45857228022896e-13
"GTT",7.50752321936024,3.24211865881214,2.31562259418071,0.0206323215315433
"GTC",-3.12010121769714,3.71757873817745,-0.839283156441436,0.401363676175831
"GTA",-13.4739729274374,4.00924299989436,-3.36072743103684,0.000785113572409339
"GTG",9.9854158447821,3.76710242930583,2.6506887009765,0.00806638250890925
"GCT",-5.00961370631098,2.80927867317016,-1.78323843560092,0.0746279696084405
"GCC",1.08268523018605,3.56125087902755,0.304018241613377,0.761130780829212
"GCA",-10.8452800775253,3.59290733288533,-3.01852485263399,0.00255709243371241
"GCG",-5.62978257337308,5.20915179622503,-1.08074842001204,0.279878204513246
"GAT",-6.53665490037046,2.75198895491106,-2.37524750551978,0.01758694489185
"GAC",-2.86420024865804,3.07028697645322,-0.932877047202524,0.350943225939912
"GAA",-0.588419867363243,2.54690802805393,-0.231033025488891,0.817301688922362
"GAG",-9.26743869355968,3.14757836186718,-2.94430753681447,0.0032565688973319
"GGT",5.22798980196293,2.74174320022403,1.90681235264329,0.056620873557203
"GGC",1.80897449861579,3.97687829818972,0.454872984028511,0.649226825037053
"GGA",1.64887361068953,4.22822370558817,0.389968394650056,0.696581959280766
"GGG",2.24528502896478,5.27846846823387,0.425366759785918,0.67059362507226
"GC_content_UTR5",0.570573927983791,0.114299416364686,4.99192337223583,6.248664270372e-07
"CDS_deltaG",0.000447177308399846,4.22540321018665e-05,10.5830683169309,8.19482006371408e-26
"num_uAUGTRUE",-0.0672826892181537,0.0213575055416958,-3.15030653213688,0.00164376912861334
"TGTAAATA",-0.165835007559622,0.0353454135184267,-4.69183950763986,2.80373323517411e-06
"TGCAT",-0.0813306932892463,0.0148425524418753,-5.47956246796124,4.54293781819318e-08
"ATATTC",-0.143788278162263,0.0188988202195076,-7.60832033387155,3.48664175851615e-14
"TTTTTTA",0.0521394140357884,0.0167472818998803,3.11330604855711,0.00186391608558301
